,country,date,Population,GDP,Population_Growth,Physicians_per1000,HIV_Incidence,Land_area,Literacy_rate,Hospital_beds_per1000,Government_health_expenditure,Prevalence_underweight_under5,Infant_mortality_per1000,Maternal_mortality_per100000,Life_expectancy,Adult_obesity,HIV_Prevalence,Fertility_rate,Female_Population,Male_Population,Population_65+,Population_age_0to14,Population_15to64,Death_per1000,Income_level,Region,Codes
0,Afghanistan,2016,35383128.0,509.218661332126,2.77831740938728,0.2782,0.07,652860.0,,0.5,10.96199989,,51.3,673.0,63.763,23.0,0.1,4.8,48.5996676146541,51.4003323853459,891627.0,15664859.0,18826642.0,6.742,LIC,South Asia,AFG
2,Albania,2016,2876101.0,4124.05572595352,-0.159880412127734,1.2164,0.06,27400.0,,,4.91601992,,8.4,16.0,78.194,57.7,0.1,1.659,49.0529987420434,50.9470012579566,372634.0,528734.0,1974734.0,7.534,LMY,Europe and Central Asia,ALB
4,Algeria,2016,40551404.0,3945.48208133854,2.05135458384022,1.8325,0.08,2381741.0,,,6.60778189,,21.3,113.0,76.298,62.0,0.1,3.052,49.4915045838864,50.5084954161137,2436321.0,11814429.0,26300654.0,4.717,LMC,Middle East and North Africa,DZA
6,American Samoa,2016,55741.0,11696.9555623329,-0.127293769933909,,,200.0,,,,,,,,,,,,,,,,,LMY,East Asia and Pacific,ASM
8,Andorra,2016,77297.0,37474.6654057245,-0.91946973790053,,,470.0,,,6.34349346,,3.2,,,63.7,,,,,,,,4.3,HIC,Europe and Central Asia,AND
10,Angola,2016,28842484.0,3506.07288506966,3.37827278015957,,1.54,1246700.0,,,2.71314979,,55.6,246.0,59.925,27.5,1.9,5.686,50.5370064892474,49.4629935107526,652134.0,13571356.0,14618994.0,8.716,LMC,Sub-saharan Africa,AGO
12,Antigua and Barbuda,2016,94527.0,15197.6174551735,1.02184383470454,,,440.0,,3.01,5.12190151,,6.5,43.0,76.617,48.0,,2.003,51.8429961912823,48.1570038087177,7903.0,21181.0,65443.0,6.27,HIC,Latin America and Caribbean,ATG
14,Arab World,2016,404024435.0,6112.1059534046,2.01908738446197,,0.0733145997723155,13081769.201,74.8407974243164,2.07354444137218,5.00986609404757,,27.6272887802845,152.0,71.4364968537757,61.8428866901277,0.11892977674646,3.32246533147491,48.2404119981043,51.7595880018957,17674286.0,133190635.0,253159513.0,5.45121782486498,INX,Arab World,Arab World
16,Argentina,2016,43590368.0,12790.2424732447,1.05718157762752,4.0013,0.25,2736690.0,99.1250076293945,4.95,9.00189686,,9.7,40.0,76.221,62.7,0.4,2.288,51.2609743314513,48.7390256685487,4733904.0,10932227.0,27924237.0,7.626,LMY,Latin America and Caribbean,ARG
18,Armenia,2016,2936146.0,3591.82927553023,0.361431439301066,,0.11,28470.0,,,9.95195866,2.6,12.2,26.0,74.64,54.4,0.2,1.744,52.9650933689628,47.0349066310372,322351.0,594870.0,2018925.0,9.849,LMY,Europe and Central Asia,ARM
20,Aruba,2016,104872.0,28281.35048163,0.507617729505083,,,180.0,,,,,,,75.868,,,1.872,52.4903447289372,47.5096552710628,13219.0,19147.0,72506.0,8.765,HIC,Latin America and Caribbean,ABW
22,Australia,2016,24190907.0,49971.131456129,1.56194049810399,3.5672,0.08,7692020.0,,3.84,9.20071316,,3.2,6.0,82.4487804878049,64.5,0.1,1.752,50.1894718273433,49.8105281726567,3662774.0,4584735.0,15943398.0,6.6,HIC,East Asia and Pacific,AUS
24,Austria,2016,8736668.0,45276.8314351693,1.08139629872802,5.1234,,82520.0,,7.42,10.3522625,,3.0,5.0,81.6414634146342,54.3,,1.53,50.9780954273236,49.0219045726764,1652029.0,1238043.0,5846595.0,9.2,HIC,Europe and Central Asia,AUT
26,Azerbaijan,2016,9757812.0,3880.73873089556,1.11785721013911,,0.11,82670.0,99.7900619506836,,4.03655434,,21.8,26.0,72.493,53.6,0.1,1.9,50.1960704561536,49.8039295438464,569419.0,2257698.0,6930695.0,5.8,LMY,Europe and Central Asia,AZE
28,"Bahamas, The",2016,377931.0,31562.6397411168,0.990519135690286,,,10010.0,,,5.61615086,,11.7,72.0,73.329,64.4,,1.771,51.4512215451296,48.5487784548704,25983.0,88258.0,263690.0,6.689,HIC,Latin America and Caribbean,BHM
30,Bahrain,2016,1425791.0,22608.484275925,3.85658246125791,,,779.0,97.0666809082031,1.89,4.85823059,,6.3,15.0,76.899,65.8,,2.033,37.7933542947679,62.2066457052321,33399.0,290718.0,1101674.0,2.355,HIC,Middle East and North Africa,BHR
32,Bangladesh,2016,157970840.0,1401.62062821515,1.0913004822347,0.4974,,130170.0,72.7587203979492,0.79,2.31178045,,29.3,186.0,71.785,20.0,,2.09,49.328805151069,50.671194848931,8112772.0,45421456.0,104436612.0,5.539,LMC,South Asia,BGD
34,Barbados,2016,285796.0,16900.166552366,0.165289293829959,,0.37,430.0,,5.89,6.68155098,,12.7,30.0,78.888,52.4,0.9,1.613,51.7484377077516,48.2515622922484,42989.0,51306.0,191501.0,8.865,HIC,Latin America and Caribbean,BRB
36,Belarus,2016,9501534.0,5022.62664330491,0.125511109801562,,0.43,202988.0,,,5.91054153,,2.9,3.0,73.8268292682927,59.4,0.4,1.733,53.4605391398654,46.5394608601346,1369717.0,1569097.0,6562720.0,12.6,LMY,Europe and Central Asia,BLR
38,Belgium,2016,11331422.0,41984.1030335609,0.506300002451376,3.0679,,30280.0,,5.76,10.28172588,,3.1,5.0,81.4390243902439,59.5,,1.68,50.7786624171566,49.2213375828434,2081793.0,1928234.0,7321395.0,9.5,HIC,Europe and Central Asia,BEL
40,Belize,2016,368400.0,4818.40390879479,2.04769588411266,,,22810.0,,1.22,6.04090405,,12.5,39.0,74.219,54.8,,2.391,50.1214715566546,49.8785284433454,16617.0,116133.0,235650.0,4.65,LMY,Latin America and Caribbean,BLZ
42,Benin,2016,10872067.0,1087.28783152256,2.76140949283081,0.0481,0.6,112760.0,,,2.78015947,,63.0,408.0,60.885,29.5,1.1,4.977,50.1422635906017,49.8577364093983,351768.0,4660439.0,5859860.0,9.18,LMC,Sub-saharan Africa,BEN
44,Bermuda,2016,64554.0,106885.878489327,-1.0469518831338,,,54.0,,,,,,,81.2270731707317,,,1.61,,,,,,8.0,HIC,North America,BMU
46,Bhutan,2016,736709.0,2930.56298891838,1.20622662373157,0.4059,,38144.0,,,3.48117137,,26.4,193.0,70.781,27.1,,2.014,47.1688841953235,52.8311158046765,43043.0,197015.0,496651.0,6.248,LMC,South Asia,BTN
48,Bolivia,2016,11031813.0,3076.65894989886,1.4801327840246,1.5901,0.16,1083300.0,,1.27,6.83333063,3.4,23.9,161.0,70.626,56.1,0.2,2.829,49.7515732215404,50.2484267784596,761264.0,3528354.0,6742195.0,6.834,LMC,Latin America and Caribbean,BOL
50,Bosnia and Herzegovina,2016,3386267.0,4994.68314045091,-1.26458117389827,,,51200.0,,,9.22786236,,5.3,10.0,76.998,53.3,,1.286,50.9865890511162,49.0134109488838,510596.0,505271.0,2370400.0,10.427,LMY,Europe and Central Asia,BIH
52,Botswana,2016,2159944.0,7243.87025286676,1.83285279210013,0.5269,9.61,566730.0,,,5.56052208,,33.0,151.0,68.178,43.4,21.9,2.942,51.8634211836059,48.1365788163941,85471.0,749812.0,1324661.0,6.0,LMY,Sub-saharan Africa,BWA
54,Brazil,2016,206163058.0,8710.09668954121,0.823748231993439,,,8358140.0,92.8084411621094,2.11,9.20742226,,14.6,62.0,75.23,56.5,0.5,1.747,50.7912843511594,49.2087156488406,17115012.0,45457971.0,143590074.0,6.311,LMY,Latin America and Caribbean,BRA
56,British Virgin Islands,2016,29355.0,,0.693936843860153,,,150.0,,,,,,,,,,,,,,,,,HIC,Latin America and Caribbean,VGB
58,Brunei Darussalam,2016,419800.0,27157.8234104784,1.17240086547234,,,5270.0,,2.76,2.54828691,,9.0,31.0,75.45,41.2,,1.915,47.9798280572952,52.0201719427048,18054.0,100263.0,301483.0,4.251,HIC,East Asia and Pacific,BRN
60,Bulgaria,2016,7127822.0,7548.85500737534,-0.701382097841331,,0.07,108560.0,,7.27,7.4799428,,6.5,10.0,74.8121951219512,61.7,0.1,1.54,51.3809664164225,48.6190335835775,1456167.0,1020446.0,4651208.0,15.1,LMY,Europe and Central Asia,BGR
62,Burkina Faso,2016,18646378.0,688.249662758849,2.91531907101852,0.0645,0.26,273600.0,,,7.02782106,18.9,58.0,331.0,60.354,23.2,0.9,5.353,50.1644289633092,49.8355710366908,449328.0,8463152.0,9733899.0,8.571,LIC,Sub-saharan Africa,BFA
64,Burundi,2016,10487998.0,282.193130404814,3.17701608653719,0.05,0.34,25680.0,,,7.49265718,29.3,44.2,558.0,60.528,22.2,1.2,5.599,50.4647596367735,49.5352403632265,223950.0,4778514.0,5485534.0,8.3,LIC,Sub-saharan Africa,BDI
66,Cabo Verde,2016,531146.0,3130.96338552381,1.21283174421296,,0.33,4030.0,,,4.845016,,15.5,59.0,72.347,34.8,0.6,2.346,49.8533343374628,50.1466656625372,23865.0,157102.0,350179.0,5.744,LMC,Sub-saharan Africa,CPV
68,Cambodia,2016,15766293.0,1269.59125737542,1.56522705123264,,0.12,176520.0,,0.9,6.11648464,,25.9,168.0,68.977,21.7,0.6,2.559,51.2168620518841,48.7831379481159,671273.0,4948931.0,10146089.0,6.051,LMC,East Asia and Pacific,KHM
70,Cameroon,2016,23926539.0,1364.33011041997,2.66049460889168,,1.62,472710.0,,,3.72961879,,55.4,538.0,58.063,33.6,3.5,4.708,50.0253337829873,49.9746662170127,653576.0,10303606.0,12969357.0,9.762,LMC,Sub-saharan Africa,CMR
72,Canada,2016,36109487.0,42322.4847803038,1.13234865466606,2.3105,,8965590.0,,2.6,10.97903442,,4.5,10.0,81.9,64.1,,1.5433,50.4105660284427,49.5894339715573,5941820.0,5740699.0,24426969.0,7.4,HIC,North America,CAN
74,Caribbean small states,2016,7269385.0,9518.1838733579,0.653249159605807,,0.720731880003243,404850.0,,2.3160639672781,6.10492478326622,,15.9539993994252,89.0,73.3959578186313,53.1235935158131,1.26356439862868,2.02764540052152,50.3805771449651,49.6194228550349,603044.0,1733030.0,4810375.0,7.51322269331355,INX,Caribbean small states,Caribbean small states
76,Cayman Islands,2016,62569.0,78465.3573282461,1.35971135735509,,,240.0,,,,,,,,,,,,,,,,3.1,HIC,Latin America and Caribbean,CYM
78,Central African Republic,2016,4537687.0,402.191290596004,0.985894485598455,,2.5,622980.0,,,5.44402361,,87.4,890.0,51.593,26.2,3.9,4.87,50.4408747812485,49.5591252187515,128556.0,2039896.0,2369235.0,13.119,LIC,Sub-saharan Africa,CAF
80,Central Europe and the Baltics,2016,102994278.0,12822.3762230609,-0.255290913083385,,,1106354.0,98.9910278320313,6.58302091772516,6.6089640701104,,4.57693643708151,9.0,76.9698114171911,59.044895022894,,1.52216388042765,51.6133364990871,48.3866635009129,17986880.0,15357405.0,69649993.0,11.6171630592915,INX,Central Europe and the Baltics,Central Europe and the Baltics
82,Chad,2016,14561666.0,693.449386475774,3.14395958930813,0.0471,0.57,1259200.0,22.3115501403809,,4.90541553,,74.4,1140.0,53.438,23.1,1.3,5.947,50.093354753971,49.906645246029,357322.0,6936981.0,7267363.0,12.527,LIC,Sub-saharan Africa,TCD
84,Channel Islands,2016,166923.0,,0.925653900450638,,,198.0,,,,,,,82.6,,,1.527,50.5673308491391,49.4326691508609,27908.0,25780.0,113235.0,7.833,HIC,Europe and Central Asia,Channel Islands
86,Chile,2016,18209068.0,13753.5944374598,1.32520160643522,2.2937,0.47,743532.0,,2.12,8.51866722,,6.6,13.0,79.779,63.1,0.5,1.713,50.7648824717701,49.2351175282299,1980850.0,3696328.0,12531890.0,5.993,HIC,Latin America and Caribbean,CHL
88,China,2016,1378665000.0,8147.93770548839,0.541478512050099,1.8647,,9424700.5,,4.02,4.98188066,,8.5,29.0,76.21,32.3,,1.675,48.6543796042457,51.3456203957543,135145445.0,248085474.0,995434082.0,7.09,LMY,East Asia and Pacific,CHN
90,Colombia,2016,48175048.0,5870.77795724164,1.3676499516175,2.0335,0.4,1109500.0,94.6538467407227,1.68,7.53117037,3.7,13.0,84.0,76.732,59.0,0.5,1.843,50.9743010531095,49.0256989468905,3823311.0,11584059.0,32767678.0,5.453,LMY,Latin America and Caribbean,COL
92,Comoros,2016,795592.0,1273.05895265459,2.31006015456056,0.2715,0.02,1861.0,,,4.70250511,,52.6,279.0,63.7,27.1,0.1,4.347,49.56315823212,50.43684176788,23265.0,318051.0,454276.0,7.389,LMC,Sub-saharan Africa,COM
94,"Congo, Dem. Rep.",2016,78789127.0,471.318840409572,3.2829146280863,0.074,0.44,2267050.0,77.0426788330078,,4.36690283,,71.8,481.0,59.655,25.3,0.9,6.112,50.1208567730092,49.8791432269908,2379777.0,36515647.0,39893703.0,9.919,LIC,Sub-saharan Africa,COD
96,"Congo, Rep.",2016,4980999.0,2074.97015928544,2.53958563357028,,2.5,341500.0,,,3.46238065,,37.6,397.0,63.556,30.9,3.1,4.536,50.0944188672306,49.9055811327694,129788.0,2095787.0,2755424.0,6.987,LMC,"Congo, Rep.",COG
98,Costa Rica,2016,4899345.0,11666.4559107759,1.05757038052655,1.3759,0.31,51060.0,,1.15,7.5334692,,7.5,28.0,79.738,61.6,0.3,1.789,49.980180987791,50.019819012209,439249.0,1070537.0,3389559.0,4.933,LMY,Latin America and Caribbean,CRI
100,Cote d'Ivoire,2016,23822714.0,2013.38246179891,2.53609976063172,,1.2,318000.0,,,4.53622293,12.8,63.9,636.0,56.567,31.6,2.8,4.759,49.4556584330441,50.5443415669559,671883.0,10096340.0,13054491.0,10.5,LMC,Sub-saharan Africa,CIV
102,Croatia,2016,4174349.0,12361.4838303671,-0.69838345731273,2.9996,0.04,56590.0,,5.49,6.82976627,,4.2,7.0,78.0219512195122,59.6,0.1,1.43,51.9048921366218,48.0951078633782,818827.0,602421.0,2753101.0,12.3,HIC,Europe and Central Asia,HRV
104,Cuba,2016,11335109.0,8060.79588647979,0.0911566712386982,7.9541,0.32,104040.0,,5.32,12.2177515,,4.1,37.0,78.607,58.5,0.4,1.656,50.3142801991829,49.6857198008171,1630947.0,1878620.0,7825542.0,8.665,LMY,Latin America and Caribbean,CUB
106,Curacao,2016,159664.0,19555.3658492891,1.06031644056836,,,444.0,,,,,,,77.719512195122,,,1.7,54.1634845239204,45.8365154760796,25162.0,31272.0,103230.0,9.3,HIC,Latin America and Caribbean,CUW
108,Cyprus,2016,1170187.0,24532.5190588269,0.789478236253939,1.9509,,9240.0,,3.43,6.83423901,,2.1,6.0,80.513,59.1,,1.345,49.9200556491302,50.0799443508698,153573.0,197443.0,819171.0,6.89,HIC,Europe and Central Asia,CYP
110,Czech Republic,2016,10566332.0,18575.2320271915,0.192048415842684,4.0194,,77220.0,99.8330307006836,6.66,7.1495986,,2.5,4.0,79.0268292682927,62.3,,1.63,50.8512677622511,49.1487322377489,1957049.0,1606738.0,7002546.0,10.2,HIC,Europe and Central Asia,CZE
112,Denmark,2016,5728010.0,54663.9983719195,0.780392644135167,4.0099,,40000.0,,2.6,10.14456177,,3.5,4.0,80.8536585365854,55.4,,1.79,50.2673975626761,49.7326024373239,1112520.0,950693.0,3664797.0,9.2,HIC,Europe and Central Asia,DNK
114,Djibouti,2016,929112.0,2802.19705115707,1.64063785072582,,0.23,23180.0,,1.4,2.72740006,,52.7,246.0,65.064,38.6,1.0,2.846,47.2427046324629,52.7572953675371,40772.0,281823.0,606517.0,7.545,LMC,Middle East and North Africa,DJI
116,Dominica,2016,71307.0,8080.96862341186,0.174047345501049,,,750.0,,,5.15253305,,28.4,,,60.3,,,,,,,,9.6,LMY,Latin America and Caribbean,DMA
118,Dominican Republic,2016,10397743.0,7280.88010923336,1.12250925652118,,0.48,48310.0,93.7784576416016,1.44,5.82759809,,25.4,94.0,73.471,61.2,1.0,2.387,49.9608472535084,50.0391527464916,695524.0,2966849.0,6735370.0,6.097,LMY,Latin America and Caribbean,DOM
120,Early-demographic dividend,2016,3164390907.0,3334.11547907391,1.35271868961198,,,33317975.039,78.5781021118164,0.869940167878009,5.08240809468856,,30.9678553003324,152.0,70.0112147340829,32.7215433091069,,2.54152157507218,49.0644407385548,50.9355592614452,175113717.0,935460166.0,2053817021.0,6.63556997399468,INX,Early-demographic dividend,Early-demographic dividend
122,East Asia & Pacific,2016,2298507042.0,9857.95937554606,0.684993635757621,,,24502823.4,95.2753829956055,4.26334669693741,6.57764071979581,6.04720163345337,13.5,71.0,75.6355916349028,31.2112056851064,,1.82961160241107,49.2896187455871,50.7103812544129,227069188.0,459733144.0,1611493046.0,7.07858228084358,INX,East Asia & Pacific,East Asia & Pacific
124,East Asia & Pacific (IDA & IBRD countries),2016,2027771091.0,6682.12580197807,0.734759217599205,,,15899484.9,95.4848327636719,3.4084951324271,4.77693768607787,,14.149100123675,74.0,74.7936145719037,31.0095009582867,,1.87578391580701,49.0994821707754,50.9005178292246,174743309.0,420644858.0,1432283191.0,6.89676504139603,INX,East Asia & Pacific (IDA & IBRD countries),East Asia & Pacific (IDA & IBRD countries)
126,East Asia & Pacific (excluding high income),2016,2053103802.0,6612.32723708149,0.731716166627351,,,16019614.9,95.53955078125,3.4084951324271,4.77671156535563,,14.16043851529,75.0,74.7556141751153,31.0265617418075,,1.87629990470195,49.1241238787406,50.8758761212594,177190247.0,425883933.0,1449904922.0,6.92089124141649,INX,East Asia & Pacific (excluding high income),East Asia & Pacific (excluding high income)
128,Ecuador,2016,16491115.0,6060.09332904416,1.70688086036312,2.0368,0.28,248360.0,94.350227355957,1.39,8.29596043,,12.7,61.0,76.365,56.0,0.4,2.475,49.9534537262366,50.0465462737634,1115427.0,4734092.0,10641596.0,5.098,LMY,Latin America and Caribbean,ECU
130,"Egypt, Arab Rep.",2016,94447072.0,3519.87320254259,2.14522549036526,0.8214,0.06,995450.0,,1.43,5.36399841,,19.2,38.0,71.482,63.5,0.1,3.41,49.4640019064223,50.5359980935777,4860813.0,31777148.0,57809111.0,5.915,LMC,Middle East and North Africa,EGY
132,El Salvador,2016,6356143.0,3805.99366628473,0.489210768357071,1.5662,0.29,20720.0,88.1417694091797,1.06,7.7171073,,12.7,47.0,72.644,59.9,0.6,2.079,53.0266575437251,46.9733424562749,503817.0,1770288.0,4082038.0,6.984,LMC,Latin America and Caribbean,SLV
134,Equatorial Guinea,2016,1215179.0,9250.33195308226,3.91123234744071,,6.86,28050.0,,,3.14452434,,66.1,301.0,57.713,26.7,6.9,4.686,44.6115434655413,55.3884565344587,30481.0,455063.0,729635.0,9.768,LMY,Sub-saharan Africa,GNQ
136,Eritrea,2016,,,,0.0628,0.19,101000.0,,,3.53811574,,33.1,498.0,65.111,22.0,0.7,4.164,,,,,,7.5,LIC,Sub-saharan Africa,ERI
138,Estonia,2016,1315790.0,18437.2528207173,0.0291122255540077,3.4546,,43470.0,,4.76,6.42956781,,2.3,11.0,77.6414634146342,55.8,,1.6,53.1224672561559,46.8775327438441,250765.0,212246.0,852779.0,11.7,HIC,Europe and Central Asia,EST
140,Eswatini,2016,1113984.0,3425.55950940688,0.896297661168183,0.3285,19.03,17200.0,,,6.77650404,,44.0,436.0,56.962,38.4,28.8,3.041,51.5619473713503,48.4380526286497,44430.0,430507.0,639047.0,10.462,LMC,Sub-saharan Africa,SWZ
142,Ethiopia,2016,103603501.0,717.124592933285,2.70810630355162,0.0464,0.29,1129304.039,,0.33,3.66298747,23.5,41.2,422.0,65.482,20.9,1.1,4.456,49.9960170249525,50.0039829750475,3598127.0,43224191.0,56781182.0,6.844,LIC,Sub-saharan Africa,ETH
144,Euro area,2016,340481753.0,35147.7422259268,0.292608836862101,,,2678840.6,,5.25405567889566,10.1954450129627,,3.20602179451111,5.0,81.9545453308911,58.6470386869137,,1.56899980444345,51.1590462217497,48.8409537782503,68436976.0,51573315.0,220471461.0,9.84171851591119,INX,Euro area,Euro area
146,Europe & Central Asia,2016,910904758.0,22383.0497887935,0.462921326762384,,,27454601.387,98.2547912597656,5.40812477794704,9.33887527834243,,8.0,13.0,77.5955402337865,58.6499430901885,,1.77186037717403,51.5809733080596,48.4190266919404,143937218.0,162327283.0,602454783.0,10.17727899724,INX,Europe & Central Asia,Europe & Central Asia
148,Europe & Central Asia (IDA & IBRD countries),2016,454717187.0,7665.3771838596,0.534131114213793,,,23000133.0,98.9690475463867,,5.32550420291373,,11.2171135615436,18.0,73.5074038507613,57.9266280961345,,1.91502352167903,52.1207232905103,47.8792767094897,54399312.0,91317346.0,307222967.0,10.629778496789,INX,Europe & Central Asia (IDA & IBRD countries),Europe & Central Asia (IDA & IBRD countries)
150,Europe & Central Asia (excluding high income),2016,392870484.0,7058.86171886161,0.659707800552539,,,22407273.0,98.9988784790039,,5.11167776362532,,11.8470453343887,20.0,72.9542430453156,57.8798692480479,,1.97831814116841,52.2217181695157,47.7782818304843,43944575.0,82062107.0,265086240.0,10.5296887070116,INX,Europe & Central Asia (excluding high income),Europe & Central Asia (excluding high income)
152,European Union,2016,445487728.0,31172.2286448947,0.212345574735636,,,3996050.6,,5.44956468663936,9.92827720561978,,3.48814699500526,6.0,80.9498646440156,58.6976877122299,,1.56624109139292,51.1913449916363,48.8086550083637,87152962.0,67542265.0,290792499.0,10.1790541853714,INX,European Union,European Union
154,Faroe Islands,2016,48173.0,56854.102653706,0.253575127560721,,,1396.0,,,,,,,82.0439024390244,,,2.6,,,,,,7.7,HIC,Europe and Central Asia,FRO
156,Fiji,2016,872399.0,5651.31805482702,0.43330839422274,,0.21,18270.0,,2.0,3.27979708,,20.9,34.0,67.175,63.8,0.1,2.797,49.2308626946628,50.7691373053372,44822.0,259497.0,568080.0,8.17,LMY,East Asia and Pacific,FJI
158,Finland,2016,5495303.0,43784.2839622098,0.287421401687637,3.8118,,303910.0,,3.97,9.37796021,,2.0,3.0,81.4292682926829,57.9,,1.57,50.7605524769022,49.2394475230978,1142526.0,897595.0,3455182.0,9.8,HIC,Europe and Central Asia,FIN
160,Fragile and conflict affected situations,2016,747004599.0,2075.89997448139,2.26986625442808,,1.02705133532942,19055751.303,64.2720031738281,,4.48690640406115,,59.6306501287696,577.0,60.8888556882473,34.8944254409155,1.69797618906945,4.64152473727277,49.9834443472132,50.0165556527868,24561137.0,308461918.0,412135027.0,9.21127885948417,INX,Fragile and conflict affected situations,Fragile and conflict affected situations
162,France,2016,66724104.0,37037.3741861219,0.263868788565368,3.2376,0.19,547557.0,,6.06,11.50134468,,3.5,8.0,82.5731707317073,59.5,0.3,1.92,51.5543458477423,48.4456541522577,12867160.0,12174167.0,41682778.0,8.9,HIC,Europe and Central Asia,FRA
164,French Polynesia,2016,274575.0,,0.529854315848876,,,3660.0,,,,,,,77.024,,,1.973,49.2767029893363,50.7232970106637,20748.0,63495.0,190332.0,5.49,HIC,East Asia and Pacific,PYF
166,Gabon,2016,2007873.0,6984.45101873395,3.04339515547628,0.3561,1.45,257670.0,,,3.1076982,,34.3,256.0,65.418,40.2,3.8,4.039,49.0603033445192,50.9396966554807,72401.0,734653.0,1200819.0,7.201,LMY,Sub-saharan Africa,GAB
168,"Gambia, The",2016,2149139.0,690.778886042938,2.98860565833539,,1.84,10120.0,,,3.19347262,,38.8,611.0,61.166,31.9,1.9,5.338,50.397322828637,49.602677171363,56717.0,955365.0,1137057.0,8.191,LIC,Sub-saharan Africa,GMB
170,Georgia,2016,3727505.0,4062.16988757379,0.0598165991047394,5.9973,,69490.0,,,8.42134666,,9.1,26.0,73.207,54.2,0.3,2.059,52.2489968140613,47.7510031859387,540417.0,717565.0,2469523.0,12.992,LMY,Europe and Central Asia,GEO
172,Germany,2016,82348669.0,42107.5172703074,0.807218538573871,4.1944,,349360.0,,8.06,11.23043633,0.5,3.3,5.0,80.990243902439,56.8,,1.6,50.7696483565604,49.2303516434396,17530969.0,10964972.0,53852728.0,11.1,HIC,Europe and Central Asia,DEU
174,Ghana,2016,28481946.0,1931.38947036943,2.24659926762795,0.127,1.15,227540.0,,,3.46157742,,37.4,314.0,63.124,32.0,1.8,3.984,49.3425396796083,50.6574603203917,863201.0,10829605.0,16789140.0,7.533,LMC,Sub-saharan Africa,GHA
176,Gibraltar,2016,33737.0,,0.00296414862262541,,,10.0,,,,,,,,,,,,,,,,,HIC,Europe and Central Asia,GIB
178,Greece,2016,10775971.0,18116.4596531285,-0.415913028277122,5.4036,,128900.0,,4.2,8.21496582,,3.9,3.0,81.3878048780488,62.3,,1.38,50.9102009828752,49.0897990171248,2276958.0,1546920.0,6952093.0,11.0,HIC,Europe and Central Asia,GRC
180,Greenland,2016,56186.0,48181.874188064,0.128227978389047,,,410450.0,,,,,,,70.8487804878049,,,2.0,,,,,,8.7,HIC,Europe and Central Asia,GRL
182,Grenada,2016,110261.0,9628.34748662013,0.602203220786764,,,340.0,,3.58,4.44077301,,14.5,25.0,72.408,51.4,,2.104,49.5769206352085,50.4230793647914,10589.0,25617.0,74055.0,9.538,LMY,Latin America and Caribbean,GRD
184,Guam,2016,162951.0,35562.8379083283,0.676102623487922,,,540.0,,,,,,,79.391,,,2.358,49.4255836217689,50.5744163782311,14969.0,41063.0,106919.0,5.123,HIC,East Asia and Pacific,GUM
186,Guatemala,2016,15827690.0,4173.30166619474,1.65807331834237,,0.14,107160.0,,0.26,5.83935881,,22.9,98.0,73.541,55.9,0.3,2.973,50.7915267122589,49.2084732877411,726848.0,5644136.0,9456706.0,4.791,LMY,Latin America and Caribbean,GTM
188,Guinea,2016,11738441.0,732.291075213299,2.64448734263112,0.0832,0.85,245720.0,,,5.39708233,18.3,67.4,621.0,60.17,26.6,1.5,4.854,52.0225014682538,47.9774985317462,339232.0,5240549.0,6158659.0,9.013,LIC,Sub-saharan Africa,GIN
190,Guinea-Bissau,2016,1782437.0,661.456725387231,2.57057561074146,0.1274,2.33,28120.0,,,7.65348768,,57.3,679.0,57.328,29.9,3.6,4.631,51.2614772833104,48.7385227166896,48444.0,759290.0,974703.0,10.014,LIC,Sub-saharan Africa,GNB
192,Guyana,2016,771366.0,5811.3753219117,0.51130929085933,,0.79,196850.0,,1.71,5.14076519,,26.7,170.0,69.454,49.4,1.4,2.509,49.9247436032063,50.0752563967937,46073.0,223398.0,501895.0,7.283,LMY,Latin America and Caribbean,GUY
194,Haiti,2016,10839970.0,1265.98763288491,1.34132093428441,,1.0,27560.0,61.691349029541,,8.43686771,,51.9,489.0,62.896,54.9,2.0,3.041,50.6399183909632,49.3600816090368,512696.0,3685868.0,6641406.0,8.759,LIC,Latin America and Caribbean,HTI
196,Heavily indebted poor countries (HIPC),2016,738387254.0,907.015698667542,2.82106062768584,,1.45744556924271,19357335.24,60.4588088989258,,5.34075866180559,,51.3226205918589,477.0,62.3232892974951,27.6910491315422,2.5437255996988,4.8623332415855,50.1554515178818,49.8445484821182,22066426.0,320504010.0,395816817.0,8.08279458119411,INX,Heavily indebted poor countries (HIPC),Heavily indebted poor countries (HIPC)
198,High income,2016,1219073149.0,40343.1294603129,0.561516745970607,,,35248559.887,,5.24013088506438,12.5168636805025,0.966272592544556,4.5,11.0,80.5408511328272,57.168326112985,,1.6595367197349,50.2826959507946,49.7173040492053,210565738.0,202759388.0,804932447.0,8.71900885918081,INX,High income,High income
200,Honduras,2016,9270795.0,2342.58465119568,1.71763885480619,0.5982,0.21,111890.0,88.9874801635742,0.64,7.69098616,,15.9,65.0,74.701,55.8,0.3,2.536,50.0657980319701,49.9342019680299,411671.0,3059403.0,5799721.0,4.423,LMC,Latin America and Caribbean,HND
202,"Hong Kong SAR, China",2016,7336600.0,43731.1068245299,0.619366345332479,,,1050.0,,,,,,,84.2268292682927,,,1.205,53.7239038199687,46.2760961800313,1155660.0,821526.0,5359413.0,6.4,HIC,East Asia and Pacific,HKG
204,Hungary,2016,9814023.0,13090.5067287853,-0.295110604845478,3.2313,,91260.0,,7.0,7.04818678,,4.0,12.0,76.0634146341464,61.6,,1.53,52.4619167289554,47.5380832710446,1766754.0,1410375.0,6636894.0,13.0,HIC,Europe and Central Asia,HUN
206,IBRD only,2016,4692797108.0,5573.10137797926,0.943901454162742,,,71070976.9,88.8177490234375,2.3827356891485,5.41528179578239,,20.6023773737659,92.0,72.955092899229,,,2.0906999035569,49.3221010619499,50.6778989380501,369669573.0,1124039416.0,3199005711.0,7.18063338407172,INX,IBRD only,IBRD only
208,IDA & IBRD total,2016,6254601838.0,4505.96804624698,1.2704876010842,,,96071736.242,83.8155822753906,2.19341344926184,5.33171172442894,,33.1824164025178,234.0,70.6189788175203,,,2.57249509438833,49.4666362799395,50.5333637200605,424150291.0,1738838693.0,4089612618.0,7.37315695140364,INX,IDA & IBRD total,IDA & IBRD total
210,IDA blend,2016,524790731.0,1774.19436581491,2.32287319482414,,0.787360874148169,4384558.0,65.7280578613281,,3.70374347254531,,62.752056541524,518.0,61.5879257088794,,1.52475927455584,4.2332551515638,49.2917546193997,50.7082453806003,17899496.0,206193451.0,300626476.0,8.85290664091588,INX,IDA blend,IDA blend
212,IDA only,2016,1037013999.0,1066.08116623517,2.23517925264719,,1.23265450249023,20616201.342,64.2529525756836,,4.67885131831133,,47.5367229067876,422.0,64.6167822840234,,2.16059742615236,4.02533600666734,50.2105027174252,49.7894972825748,36581222.0,408605826.0,589980431.0,7.49553823674545,INX,IDA only,IDA only
214,IDA total,2016,1561804730.0,1306.01554404922,2.26462901105764,,1.05955578066317,25000759.342,,,4.19960831127989,,52.7534832649199,455.0,63.5990861558583,,1.91806121362768,4.09446282643097,49.9014514836833,50.0985485163167,54480718.0,614799277.0,890606907.0,7.95165531541164,INX,IDA total,IDA total
216,Iceland,2016,335439.0,61466.8039542895,1.38808149583838,3.8892,,100250.0,,3.13,8.16513538,,1.7,4.0,82.2048780487805,59.1,,1.74,49.8376022323296,50.1623977676704,47189.0,67572.0,220678.0,6.9,HIC,Europe and Central Asia,ISL
218,India,2016,1324509589.0,1732.56426178428,1.08988008026408,0.759,,2973190.0,,0.48,3.51098323,,33.1,150.0,68.897,19.7,,2.266,48.0108932518621,51.9891067481379,76732882.0,369967745.0,877808961.0,7.195,LMC,South Asia,IND
220,Indonesia,2016,261554226.0,3562.84575641971,1.21976561612446,,,1877519.0,95.3769683837891,0.99,3.08569908,,22.5,184.0,71.035,28.2,,2.362,49.6395916710671,50.3604083289329,14449135.0,71228234.0,175876857.0,6.418,LMY,East Asia and Pacific,IDN
222,"Iran, Islamic Rep.",2016,79564016.0,5253.42490964182,1.3562482442792,,0.08,1628760.0,85.5442504882813,1.7,8.85950661,,13.3,16.0,76.047,61.6,0.1,2.083,49.3809529992029,50.6190470007971,4705869.0,19121500.0,55736647.0,4.821,LMY,Middle East and North Africa,IRN
224,Iraq,2016,36610632.0,4777.19761871776,2.8772541284018,0.8536,,434128.0,83.3000030517578,1.3,3.2278583,,23.9,78.0,70.122,64.6,,3.864,49.4328177672541,50.5671822327459,1153572.0,14315215.0,21141845.0,4.889,LMY,Middle East and North Africa,IRQ
226,Ireland,2016,4755335.0,63197.0823976808,1.12883406399428,3.2323,,68890.0,,2.96,7.4142108,,3.1,6.0,81.6536585365854,60.6,0.2,1.81,50.4977011322908,49.5022988677092,625212.0,1034539.0,3095584.0,6.4,HIC,Europe and Central Asia,IRL
228,Isle of Man,2016,83287.0,82206.0089984701,0.0636556371744733,,,570.0,,,,,,,,,,,,,,,,,HIC,Europe and Central Asia,IMN
230,Israel,2016,8546000.0,37321.6240397313,1.9603489624817,3.4632,,21640.0,,2.99,7.15261269,,3.1,3.0,82.4073170731707,64.3,,3.11,50.3725744186941,49.6274255813059,980274.0,2386758.0,5178968.0,5.2,HIC,Middle East and North Africa,ISR
232,Italy,2016,60627498.0,30939.7142462298,-0.169884073301448,3.9504,0.1,294140.0,,3.17,8.72533035,,2.9,2.0,83.2439024390244,58.5,0.3,1.34,51.442853170565,48.557146829435,13480440.0,8248168.0,38898890.0,10.1,HIC,Europe and Central Asia,ITA
234,Jamaica,2016,2906238.0,4843.33847410864,0.524973438240183,0.4549,0.97,10830.0,,1.78,5.70750713,4.4,13.1,80.0,74.175,55.5,1.4,2.009,50.3166976459634,49.6833023540366,249956.0,706329.0,1949952.0,7.542,LMY,Latin America and Caribbean,JAM
236,Japan,2016,126994511.0,38761.8181501925,-0.115284177050088,2.4115,,364500.0,,13.11,10.83460999,,2.0,5.0,83.9848780487805,27.2,,1.44,51.1450986925687,48.8549013074313,33770147.0,16400528.0,76823835.0,10.5,HIC,East Asia and Pacific,JPN
238,Jordan,2016,9551467.0,4176.58891025118,3.02809153676581,1.3954,,88780.0,,1.4,7.2834053,,14.7,47.0,74.184,69.6,,2.954,49.3763008559719,50.6236991440281,361187.0,3387133.0,5803146.0,3.826,LMY,Middle East and North Africa,JOR
240,Kazakhstan,2016,17794055.0,7714.84184376024,1.42204614032925,,0.31,2699700.0,,,3.42235565,,9.8,10.0,72.41,53.6,0.2,2.77,51.5612446302492,48.4387553697508,1231069.0,4859112.0,11703874.0,7.37,LMY,Europe and Central Asia,KAZ
242,Kenya,2016,49051686.0,1410.52756809011,2.42114319740052,,1.87,569140.0,,,5.14090538,,34.5,346.0,65.393,25.5,5.0,3.663,50.3231591283053,49.6768408716947,1067536.0,20063096.0,27921054.0,5.734,LMC,Sub-saharan Africa,KEN
244,Kiribati,2016,112524.0,1584.80744578963,1.42671604749201,,,810.0,,1.86,9.32036781,,43.5,94.0,67.577,78.7,,3.651,50.8766629046735,49.1233370953265,4157.0,39284.0,69083.0,6.481,LMC,East Asia and Pacific,KIR
246,"Korea, Dem. People's Rep.",2016,25307744.0,,0.490819483634355,3.7011,,120410.0,,,,,15.1,90.0,71.711,32.4,,1.917,51.098432036302,48.901567963698,2446938.0,5239075.0,17621731.0,8.856,LIC,East Asia and Pacific,KOR
248,"Korea, Rep.",2016,51217803.0,29288.8704389833,0.396851823381145,2.3037,,97489.0,,11.98,6.91432714,,2.9,11.0,82.2756097560976,30.3,,1.172,49.8979354985146,50.1020645014854,6831400.0,6913344.0,37473059.0,5.5,HIC,East Asia and Pacific,PRK
250,Kosovo,2016,1777557.0,3780.00368867233,-0.596734073866868,,,10887.0,,,,,,,71.7439024390244,,,2.06,,,,,,6.9,LMY,Europe and Central Asia,KSV
252,Kuwait,2016,3956875.0,27653.0667677649,3.11310424602455,,,17820.0,,2.04,4.03104591,,7.3,12.0,75.224,73.4,,2.082,40.6938882376995,59.3061117623005,88712.0,842701.0,3025462.0,2.518,HIC,Middle East and North Africa,KWT
254,Kyrgyz Republic,2016,6079500.0,1120.66651300848,2.0372244221997,,0.27,191800.0,,,6.41248226,,18.9,63.0,70.9512195121951,48.3,0.2,3.1,50.5176952113378,49.4823047886622,264977.0,1940501.0,3874021.0,5.5,LMC,Europe and Central Asia,KGZ
256,Lao PDR,2016,6845846.0,2308.80048220079,1.54094346574822,,0.22,230800.0,,,2.36087489,,40.4,196.0,66.924,25.4,0.3,2.751,49.7992067600683,50.2007932399317,267821.0,2273212.0,4304813.0,6.593,LMC,East Asia and Pacific,LAO
258,Late-demographic dividend,2016,2261412987.0,8188.04783266897,0.623114647844702,,,44558200.9,95.875602722168,3.99587422602158,5.54205971392876,,9.98345712856855,35.0,75.74643479024,38.8501185582673,,1.74628172543982,49.4939137049564,50.5060862950436,221922550.0,433041676.0,1606448758.0,7.45448074921089,INX,Late-demographic dividend,Late-demographic dividend
260,Latin America & Caribbean,2016,628488534.0,8589.62828786417,0.994285426964979,,,20039160.0,93.5949630737305,1.8714795779976,7.89372647620027,3.12042760848999,15.4,76.0,75.1220453188862,59.4388468158896,0.516226058638255,2.06541339658598,50.7812291545086,49.2187708454914,50013614.0,158720624.0,419426843.0,6.20957830300126,INX,Latin America & Caribbean,Latin America & Caribbean
262,Latin America & Caribbean (excluding high income),2016,596647568.0,8155.11061751262,1.00142991624237,,,19018950.0,93.4255905151367,1.8526944637359,7.86128660865499,,15.6942266920679,78.0,74.9237930776766,59.336195737952,0.515549284922896,2.07852085349687,50.771946988353,49.228053011647,46373643.0,152062633.0,398139985.0,6.18346287958723,INX,Latin America & Caribbean (excluding high income),Latin America & Caribbean (excluding high income)
264,Latin America & the Caribbean (IDA & IBRD countries),2016,612506457.0,8429.0339590811,1.02833189043578,,,19913412.0,93.4726409912109,1.80450567195355,7.81768958504783,,15.5705023596779,76.0,75.0305805363335,59.4594011743592,0.518521171618833,2.07666954141067,50.7794140089843,49.2205859910157,47680935.0,156016979.0,408685607.0,6.14696063505438,INX,Latin America & the Caribbean (IDA & IBRD countries),Latin America & the Caribbean (IDA & IBRD countries)
266,Latvia,2016,1959537.0,14315.7928949778,-0.913885332226604,3.1885,0.37,62120.0,,5.72,6.20632744,,3.9,26.0,74.580487804878,57.8,0.4,1.74,54.1199383061544,45.8800616938456,385634.0,298410.0,1275493.0,14.6,HIC,Europe and Central Asia,LVA
268,Least developed countries: UN classification,2016,963511276.0,986.659726322111,2.37798472920225,,1.3231570235247,20373314.342,62.8924102783203,,4.35149142726488,,48.7578027541407,427.0,64.3457714393416,24.7830795002939,2.27609375901593,4.11695694260902,50.2815656585147,49.7184343414853,33703928.0,385528696.0,544267426.0,7.57101947622315,INX,Least developed countries: UN classification,Least developed countries: UN classification
270,Lebanon,2016,6711121.0,7629.89111711952,2.69490346984806,2.0115,0.05,10230.0,,2.73,7.98103571,,6.8,29.0,78.8,67.9,0.1,2.104,49.7020455354788,50.2979544645212,437563.0,1811559.0,4461999.0,4.181,LMY,Middle East and North Africa,LBN
272,Lesotho,2016,2075001.0,1043.56979064916,0.773100849082541,,13.57,30360.0,,,8.01058197,,72.3,559.0,52.059,38.7,24.2,3.197,50.7891651297492,49.2108348702508,100412.0,689421.0,1285168.0,15.157,LMC,Sub-saharan Africa,LSO
274,Liberia,2016,4586788.0,714.623392230031,2.52928313182972,,0.96,96320.0,,,9.79585648,13.6,65.2,661.0,62.802,30.9,1.7,4.461,49.8105646042503,50.1894353957497,146615.0,1917424.0,2522749.0,7.957,LIC,Sub-saharan Africa,LBR
276,Libya,2016,6492164.0,4035.1943155047,1.14402890002729,,0.14,1759540.0,,3.7,,,11.0,73.0,72.311,66.8,0.2,2.317,49.4341328617902,50.5658671382098,277640.0,1864857.0,4349667.0,5.108,LMY,Middle East and North Africa,LBY
278,Liechtenstein,2016,37658.0,165629.190482925,0.500480226864086,,,160.0,,,,,,,82.2585365853659,,,1.61,,,,,,7.2,HIC,Europe and Central Asia,LIE
280,Lithuania,2016,2868231.0,14998.1250595137,-1.27069453298857,4.7346,0.18,62642.0,,6.69,6.63686323,,3.9,8.0,74.6707317073171,59.6,0.2,1.69,53.904701588999,46.095298411001,544059.0,419963.0,1904209.0,14.3,HIC,Europe and Central Asia,LTU
282,Low & middle income,2016,6205237895.0,4383.45492143462,1.28168749386801,,,94708074.242,83.6880187988281,2.14318415200927,5.28911472884299,15.1348323822021,33.2990822373576,235.0,70.5393797482832,34.4057317142792,,2.58220784913751,49.4487954758713,50.5512045241287,414829762.0,1732336085.0,4056098475.0,7.34413766677372,INX,Low & middle income,Low & middle income
284,Low income,2016,618780841.0,790.161708482454,2.57715680110566,,1.16593488551198,15119949.342,59.2853889465332,,6.02069753935884,20.6008167266846,51.9,468.0,62.7586367116496,28.1550164682174,2.02148105249266,4.76162256373156,50.1889573820707,49.8110426179293,20116956.0,263618121.0,335045762.0,8.11811840483923,INX,Low income,Low income
286,Lower middle income,2016,2790617791.0,1921.07416217717,1.48349397476579,,,21934602.4,74.3532867431641,0.627047221380288,4.10074259867481,21.5878143310547,40.2,269.0,67.9371208615977,26.6606857879081,,2.82009773297274,49.0338289271507,50.9661710728493,146919449.0,870818180.0,1772880159.0,7.3628810302962,INX,Lower middle income,Lower middle income
288,Luxembourg,2016,582014.0,104278.390971905,2.15531198799205,2.9052,,2430.0,,4.81,5.19496346,,2.4,5.0,82.6853658536585,58.7,,1.41,49.7136030769974,50.2863969230025,81728.0,94516.0,405770.0,6.8,HIC,Europe and Central Asia,LUX
290,"Macao SAR, China",2016,612836.0,74061.0860345658,1.76987320822609,,,30.5,96.5384902954102,,,,,,83.854,,,1.207,52.0196663316058,47.9803336683942,56161.0,79235.0,477440.0,3.8,HIC,East Asia and Pacific,MAC
292,Madagascar,2016,24894380.0,475.955417183065,2.68818381201029,,0.36,581800.0,,,6.0193038,,39.6,348.0,65.931,23.9,0.2,4.184,50.1377660892804,49.8622339107196,716522.0,10280042.0,13897816.0,6.324,LIC,Sub-saharan Africa,MDG
294,Malawi,2016,17205289.0,315.777326372575,2.70990355147984,0.0165,4.9,94280.0,,,9.69365978,15.0,35.3,358.0,62.681,23.4,9.7,4.407,50.7203875467568,49.2796124532432,455507.0,7687933.0,9061850.0,7.074,LIC,Sub-saharan Africa,MWI
296,Malaysia,2016,30684804.0,9817.73845699838,1.3578645165386,,0.3,328550.0,94.8805770874023,1.62,3.68835807,13.7,7.0,29.0,75.649,42.5,0.4,2.037,48.5387091892064,51.4612908107936,1903410.0,7584141.0,21197253.0,4.942,LMY,East Asia and Pacific,MYS
298,Maldives,2016,475513.0,9209.24472691509,4.4283632941825,1.0379,,300.0,97.7349472045898,,10.19969177,,8.1,54.0,78.013,30.6,,1.947,39.2355495736112,60.7644504263888,18349.0,98649.0,358515.0,2.965,LMY,South Asia,MDV
300,Mali,2016,17965429.0,780.718598502648,2.97529528280165,0.1395,,1220190.0,,,3.7753799,20.2,65.2,590.0,57.987,28.1,1.3,6.057,49.9799114388909,50.0200885611091,453071.0,8597269.0,8915089.0,10.307,LIC,Sub-saharan Africa,MLI
302,Malta,2016,455356.0,25617.8269140977,2.28861544064371,,,320.0,,4.67,9.11781311,,6.1,6.0,82.4536585365854,66.4,,1.37,49.9106854177606,50.0893145822394,88244.0,64696.0,302415.0,7.3,HIC,Middle East and North Africa,MLT
304,Marshall Islands,2016,57735.0,3473.77500649519,0.514006028614916,,,180.0,,,17.64945793,,28.6,,,83.5,,,,,,,,,LMY,East Asia and Pacific,MHL
306,Mauritania,2016,4163534.0,1536.85414964338,2.85611024246197,,,1030700.0,,,4.21777868,,53.8,777.0,64.208,34.4,0.2,4.679,49.8682849081021,50.1317150918979,130032.0,1682461.0,2351041.0,7.468,LMC,Sub-saharan Africa,MRT
308,Mauritius,2016,1263473.0,9681.61856689674,0.0687231379365168,2.1943,0.86,2030.0,93.1578369140625,,5.70678568,,12.8,67.0,74.3948780487805,32.3,1.3,1.4,50.4998137684548,49.5001862315453,131945.0,238818.0,892710.0,8.1,HIC,Sub-saharan Africa,MUS
310,Mexico,2016,123333376.0,8744.51577183222,1.20325132906034,2.3244,,1943950.0,94.859619140625,1.0,5.61569786,4.2,13.5,34.0,74.917,64.9,,2.186,51.0956729726833,48.9043270273168,8477098.0,33676043.0,81180235.0,5.851,LMY,Latin America and Caribbean,MEX
312,"Micronesia, Fed. Sts.",2016,110215.0,3014.70035839042,1.20488884057292,,,700.0,,,13.17891884,,26.9,90.0,67.471,75.9,,3.145,49.1666288617702,50.8333711382298,3991.0,35633.0,70591.0,6.526,LMC,"Micronesia, Fed. Sts.",FSM
314,Middle East & North Africa,2016,433597628.0,7277.53208743827,1.82608277636909,,0.0680037205916989,11223348.0,80.455192565918,1.58579084273255,5.76382679544064,5.3245325088501,19.4,58.0,73.7108202619547,62.8978141712374,0.104828386162638,2.86693254292582,48.2467334614428,51.7532665385572,21503594.0,129691467.0,282402566.0,4.9450757736433,INX,Middle East & North Africa,Middle East & North Africa
316,Middle East & North Africa (IDA & IBRD countries),2016,365909373.0,3947.21870411868,1.72472084090533,,0.0679680091374367,8635069.0,77.6045684814453,1.48445984013995,6.53113374436177,,20.9692971784055,63.0,73.1935470729551,61.8026602392929,0.10491475697628,2.93126518162217,49.5855179647762,50.4144820352239,18946628.0,113411486.0,233551258.0,5.27298338005405,INX,Middle East & North Africa (IDA & IBRD countries),Middle East & North Africa (IDA & IBRD countries)
318,Middle East & North Africa (excluding high income),2016,370276461.0,3942.96184419826,1.73113578645598,,0.0679680091374367,8641089.0,77.8165588378906,1.48445984013995,6.53113374436177,,20.9213284547854,63.0,73.1982110954199,61.8026602392929,0.10491475697628,2.94138968212105,49.5817077087574,50.4182922912426,19080058.0,115140285.0,236056117.0,5.25181311619752,INX,Middle East & North Africa (excluding high income),Middle East & North Africa (excluding high income)
320,Middle income,2016,5586457054.0,4780.82587773889,1.14020565460579,,,79588124.9,85.7772903442383,2.1722241301713,5.27951562500454,14.0672016143799,29.3968993441478,186.0,71.4012397079535,34.874219474374,,2.36096081045658,49.366782876551,50.633217123449,394712806.0,1468717964.0,3721052713.0,7.25840620259387,INX,Middle income,Middle income
322,Moldova,2016,2802170.0,2880.43928129296,-1.148202157971,,0.48,32880.0,,,7.53552246,,13.1,20.0,71.617,51.8,0.7,1.259,51.968427056185,48.031572943815,291874.0,442335.0,2067961.0,11.452,LMC,Europe and Central Asia,MDA
324,Monaco,2016,38070.0,170028.655717864,0.928913630423242,,,2.027,,,1.62751341,,2.8,,,,,,,,,,,7.9,HIC,Europe and Central Asia,MCO
326,Mongolia,2016,3056359.0,3660.15074616061,1.91325183123449,2.8592,0.02,1557255.4,,7.0,4.42355728,0.8,16.1,46.0,69.321,55.6,0.1,2.923,50.6046084915445,49.3953915084555,119835.0,899590.0,2036935.0,6.286,LMC,East Asia and Pacific,MNG
328,Montenegro,2016,622303.0,7028.66345418521,0.0231425307711559,,0.09,13450.0,,3.93,,,2.8,6.0,76.568,59.4,0.1,1.73,50.5647479319146,49.4352520680854,88005.0,114088.0,420209.0,10.484,LMY,Europe and Central Asia,MNE
330,Morocco,2016,35126296.0,2896.72000268117,1.32597922024303,,0.05,446300.0,,1.1,5.23815107,,20.7,72.0,75.974,60.4,0.1,2.489,50.4345863725825,49.5654136274175,2296576.0,9709997.0,23119724.0,5.093,LMC,Middle East and North Africa,MAR
332,Mozambique,2016,27829942.0,428.926487995524,2.87212045581116,0.0497,10.63,786380.0,,,7.84588909,,59.8,301.0,58.309,26.4,12.5,4.992,51.5494253848285,48.4505746151715,807477.0,12582990.0,14439475.0,9.463,LIC,Sub-saharan Africa,MOZ
334,Myanmar,2016,53045226.0,1266.54633814868,0.689521233436478,0.6195,0.4,653080.0,75.5512008666992,1.04,5.11008072,18.5,39.4,245.0,66.205,24.8,0.8,2.182,51.8026673818304,48.1973326181696,2839502.0,14497171.0,35708553.0,8.238,LMC,East Asia and Pacific,MMR
336,Namibia,2016,2358041.0,4523.0912813127,1.84629715847982,,6.37,823290.0,,,8.85608196,,32.6,207.0,62.625,40.6,12.1,3.496,51.5835582372509,48.4164417627491,87353.0,869455.0,1401233.0,8.423,LMY,Sub-saharan Africa,NAM
338,Nauru,2016,13049.0,7670.11640425255,4.49848608425274,,,20.0,,,14.08638191,,28.0,,,88.5,,,,,,,,,HIC,East Asia and Pacific,NRU
340,Nepal,2016,27261131.0,777.147595512165,0.906849996341606,,0.06,143350.0,,,6.27839279,27.3,28.5,200.0,69.848,21.0,0.1,2.027,54.4317937985059,45.5682062014941,1526733.0,8811521.0,16922877.0,6.451,LMC,South Asia,NPL
342,Netherlands,2016,17030314.0,46007.8529206547,0.532178879608489,3.547,0.06,33670.0,,3.41,10.2534523,,3.4,6.0,81.5609756097561,57.8,0.2,1.66,50.2689225226477,49.7310774773523,3128752.0,2823015.0,11078548.0,8.7,HIC,Europe and Central Asia,NLD
344,New Caledonia,2016,276550.0,,1.51200621653298,,,18280.0,,,,,,,76.9317073170732,,,2.08,49.5969947846384,50.4030052153616,24031.0,64663.0,187856.0,5.7,HIC,East Asia and Pacific,NCL
346,New Zealand,2016,4714100.0,39927.8048294529,2.24603210015584,3.3833,0.06,263310.0,,2.74,9.27398205,,4.4,10.0,81.6124390243903,65.6,0.1,1.87,50.8288109819896,49.1711890180104,707108.0,933857.0,3073135.0,6.61,HIC,East Asia and Pacific,NZL
348,Nicaragua,2016,6303974.0,2107.5727223615,1.28895567304368,0.9537,0.12,120340.0,,0.93,8.04877567,,16.0,100.0,73.86,58.2,0.2,2.455,50.7115357465216,49.2884642534784,307876.0,1948201.0,4047897.0,5.039,LMC,Latin America and Caribbean,NIC
350,Niger,2016,20788838.0,498.10416388359,3.86007879547775,0.0433,0.11,1266700.0,,,6.16463852,32.0,50.5,530.0,61.137,22.0,0.3,7.087,49.8258364159644,50.1741635840356,537243.0,10427129.0,9824466.0,8.82,LIC,Sub-saharan Africa,NER
352,Nigeria,2016,185960289.0,2176.00224545044,2.62770266215666,0.4494,0.86,910770.0,,,3.64773679,31.5,78.5,925.0,53.541,28.9,1.3,5.526,49.3540232179949,50.6459767820051,5106478.0,82019726.0,98834085.0,12.39,LMC,Sub-saharan Africa,NGA
354,North America,2016,359115352.0,56388.8554198654,0.76094804372579,,0.24,18113064.0,,2.75290321919853,16.5907371140255,0.709469974040985,5.7,18.0,78.8774577897405,67.5014792109055,0.4,1.7925235840092,50.5173705227562,49.4826294772438,54491779.0,67174931.0,237384089.0,8.38300889493301,INX,North America,North America
356,North Macedonia,2016,2080745.0,5129.15896023703,0.068123807192842,,,25220.0,,4.37,6.37943363,,10.5,8.0,75.498,58.1,,1.506,49.9613119525401,50.0386880474599,267561.0,349111.0,1464072.0,9.88,LMY,Europe and Central Asia,MKD
358,Northern Mariana Islands,2016,56188.0,22246.7430768136,0.728782876932043,,,460.0,,,,,,,,,,,,,,,,,HIC,Northern Mariana Islands,MNP
360,Norway,2016,5234519.0,70459.1825041029,0.880969815359919,2.6983,,365145.73,,3.68,10.59129524,,2.1,3.0,82.4073170731707,58.3,,1.71,49.6042049533894,50.3957950466106,868628.0,931839.0,3434052.0,7.8,HIC,Europe and Central Asia,NOR
362,Not classified,2016,,,,,,,,,,,,,,,,,,,,,,,INX,Not classified,Not classified
364,OECD members,2016,1336665971.0,36044.1839568154,0.665008757291716,,,35456683.36,,4.71392399006468,12.5199333465602,,6.44692479750799,18.0,79.961264716336,58.0142854755646,,1.74063262840637,50.8435711916959,49.1564288083041,216710259.0,243965506.0,875990206.0,8.37587166070453,INX,OECD members,OECD members
366,Oman,2016,4479219.0,14618.7331253028,4.84561438636777,1.9249,0.07,309500.0,94.8999862670898,1.49,4.35877562,,9.7,19.0,77.142,62.6,0.1,2.937,34.3762537068421,65.6237462931579,103311.0,980508.0,3395400.0,2.498,HIC,Middle East and North Africa,OMN
368,Other small states,2016,29542879.0,12402.3569740925,2.05192817722862,,4.77678620645995,2031704.0,84.615119934082,,4.77744793701416,,38.4162534976891,310.0,67.83562940085,45.0363414576686,9.46378521134457,3.10506634845747,47.0477783776691,52.9522216223309,1581942.0,8923995.0,19003435.0,7.55400445521914,INX,Other small states,Other small states
370,Pacific island small states,2016,2388307.0,3967.60457238316,1.38537962840329,,,64200.0,91.1451034545898,,4.9636640299314,,21.0503274789012,71.0,69.6137419308888,63.9611295789168,,3.55535270948386,49.2486397879154,50.7513602120846,100230.0,804831.0,1383512.0,6.37757448733858,INX,Pacific island small states,Pacific island small states
372,Pakistan,2016,203627284.0,1368.45432627629,2.08432094940616,0.962,0.17,770880.0,,0.63,2.85510206,,60.5,143.0,66.77,28.4,0.1,3.612,48.535718143526,51.464281856474,8787526.0,72691337.0,122148420.0,7.048,LMC,South Asia,PAK
374,Palau,2016,17725.0,16646.8490832158,0.339079160708277,,,460.0,,,12.00261879,,17.4,,,85.1,,,,,,,,9.9,HIC,East Asia and Pacific,PLW
376,Panama,2016,4037078.0,14343.9636291397,1.71362492157999,1.5687,,74120.0,,2.25,7.31549644,,14.1,55.0,77.964,58.8,,2.514,49.866078715941,50.133921284059,311983.0,1114304.0,2610791.0,5.024,HIC,Latin America and Caribbean,PAN
378,Papua New Guinea,2016,8271760.0,2509.63145745887,2.00238259708206,,0.61,452860.0,,,2.33063054,,38.8,148.0,63.744,52.9,0.8,3.657,48.9895990771499,51.0104009228501,274081.0,3016184.0,4981495.0,7.632,LMC,East Asia and Pacific,PNG
380,Paraguay,2016,6777872.0,5319.41021789703,1.32367757556726,,0.31,397300.0,94.6502380371094,0.83,6.72532558,1.3,18.3,130.0,73.836,53.5,0.5,2.479,49.1226900218623,50.8773099781377,410526.0,2035073.0,4332273.0,5.44,LMY,Latin America and Caribbean,PRY
382,Peru,2016,30926032.0,6204.99726003927,1.48316068051553,1.3048,0.22,1280000.0,94.1736679077148,1.59,5.06576538,3.2,11.6,91.0,76.044,57.5,0.3,2.297,50.3471411596365,49.6528588403635,2337308.0,8380964.0,20207760.0,5.386,LMY,Latin America and Caribbean,PER
384,Philippines,2016,103663927.0,3073.653614975,1.50720761638191,,0.2,298170.0,,,4.40684605,,23.1,124.0,70.802,27.6,0.1,2.718,49.6995721129761,50.3004278870239,4937469.0,33091219.0,65635238.0,5.815,LMC,East Asia and Pacific,PHL
386,Poland,2016,37970087.0,12447.4395912808,-0.04298513087435,2.4146,,306190.0,,6.64,6.54295063,,4.0,2.0,77.8512195121951,58.3,,1.39,51.5224424993428,48.4775575006572,6203438.0,5613942.0,26152707.0,10.2,HIC,Europe and Central Asia,POL
388,Portugal,2016,10325452.0,19978.401214968,-0.315459016997883,4.9397,,91605.6,,3.39,9.41901684,0.4,3.0,9.0,81.1243902439025,57.5,,1.36,52.689864162068,47.310135837932,2185032.0,1432847.0,6707573.0,10.7,HIC,Europe and Central Asia,PRT
390,Post-demographic dividend,2016,1101735921.0,41298.9026836907,0.443274438436745,,,31345078.86,,5.45416771279123,12.9608090401252,,4.27676977011737,11.0,80.5492413273199,56.5523834016242,,1.62335541175064,50.9343862942222,49.0656137057778,201558789.0,178601760.0,721575368.0,9.31972005381043,INX,Post-demographic dividend,Post-demographic dividend
392,Pre-demographic dividend,2016,869943914.0,1400.23186523359,2.85950964320649,,1.60312631721699,20270524.303,61.9634704589844,,4.23703868163687,,58.2329207207535,575.0,59.9919371242937,28.7619596556059,2.70707965370974,5.10432139095006,49.996876765766,50.003123234234,23671352.0,384689756.0,461582806.0,9.06070394304178,INX,Pre-demographic dividend,Pre-demographic dividend
394,Puerto Rico,2016,3406672.0,30627.1634017011,-1.93497109034618,,,8870.0,,,,,,20.0,79.4949756097561,,,1.2425,52.2443735701487,47.7556264298513,574886.0,613426.0,2218360.0,8.86,HIC,Latin America and Caribbean,PRI
396,Qatar,2016,2654374.0,57163.0756845544,3.39736019100816,2.6944,,11490.0,93.1453018188477,1.2,3.18802047,,6.4,9.0,79.868,71.7,,1.907,24.1660667146628,75.8339332853372,29433.0,358311.0,2266630.0,1.146,HIC,Middle East and North Africa,QAT
398,Romania,2016,19702267.0,9548.58740298268,-0.573660845379617,2.2565,0.08,230080.0,,6.84,4.99377203,,7.1,21.0,75.209756097561,57.7,0.1,1.69,51.31469144708,48.68530855292,3432472.0,3038876.0,13230919.0,13.1,HIC,Europe and Central Asia,ROU
400,Russian Federation,2016,144342397.0,8704.89841329594,0.170245238698228,4.0139,,16376870.0,,8.16,5.26521969,,6.5,18.0,71.6512195121951,57.1,,1.762,53.6696480987893,46.3303519012107,20040465.0,24958104.0,99343827.0,14.2,LMY,Europe and Central Asia,RUS
402,Rwanda,2016,11668818.0,745.342751593952,2.60235576419092,0.1226,0.94,24670.0,,,7.14331341,,29.6,260.0,67.93,25.1,2.9,4.123,50.8829892014014,49.1170107985986,322737.0,4705315.0,6640766.0,5.435,LIC,Sub-saharan Africa,RWA
404,Samoa,2016,194535.0,4109.16513496372,0.526740178015332,0.3445,,2830.0,,,5.51336765,,14.1,44.0,72.895,77.6,,3.976,48.2851855659504,51.7148144340496,8933.0,75195.0,110407.0,5.372,LMY,East Asia and Pacific,WSM
406,San Marino,2016,33504.0,43826.9243116818,0.694863224751569,,,60.0,,,6.74832106,,1.7,,,,,,,,,,,7.6,HIC,San Marino,SMR
408,Sao Tome and Principe,2016,203227.0,1700.04654094347,1.88502547968032,,,960.0,,,6.43088818,,25.8,130.0,69.67,35.4,,4.426,49.9726898302833,50.0273101697167,5880.0,87654.0,109693.0,5.002,LMC,Sub-saharan Africa,STP
410,Saudi Arabia,2016,32442572.0,19879.2975306167,2.25976666869923,2.3776,,2149690.0,,2.23,5.83562613,,6.7,17.0,74.761,69.7,,2.435,42.9119467992346,57.0880532007654,1007771.0,8280865.0,23153937.0,3.426,HIC,Middle East and North Africa,SAU
412,Senegal,2016,14993528.0,1269.90210810516,2.80736130621428,0.0711,0.16,192530.0,,,4.26078272,13.8,35.4,330.0,67.078,28.4,0.4,4.77,51.3482096325118,48.6517903674882,459585.0,6503821.0,8030122.0,5.985,LMC,Sub-saharan Africa,SEN
414,Serbia,2016,7058322.0,5765.20076202711,-0.523694463062603,3.1131,0.04,87460.0,98.8415069580078,5.59,8.47186947,,5.2,12.0,75.6878048780488,57.1,0.1,1.46,50.9882636735663,49.0117363264337,1229783.0,1127724.0,4700815.0,14.3,LMY,Europe and Central Asia,SRB
416,Seychelles,2016,94677.0,15068.6203494184,1.33763477950025,2.1212,,460.0,,,5.1787982,,12.7,54.0,74.309756097561,36.8,,2.39,48.5900262247809,51.4099737752192,6923.0,22079.0,65674.0,7.9,HIC,Sub-saharan Africa,SYC
418,Sierra Leone,2016,7328838.0,501.415712857832,2.1644412134304,,1.11,72180.0,,,16.52595901,,88.6,1120.0,53.444,27.7,1.6,4.457,50.1534484419512,49.8465515580488,219124.0,3051492.0,4058222.0,12.294,LIC,Sub-saharan Africa,SLE
420,Singapore,2016,5607283.0,56828.2953471601,1.29743609938602,2.2936,0.06,709.0,97.049560546875,2.48,4.40151834,,2.2,8.0,82.8463414634146,31.8,0.3,1.2,47.6651175131,52.3348824869,547747.0,689093.0,4370443.0,4.8,HIC,East Asia and Pacific,SGP
422,Sint Maarten (Dutch part),2016,39969.0,31616.6816992667,2.90397846114339,,,34.0,,,,,,,78.2926829268293,,,,,,,,,4.1,HIC,Sint Maarten (Dutch part),SXM
424,Slovak Republic,2016,5430798.0,16508.6703604932,0.128922329956911,3.4664,,48080.0,,5.78,7.11145544,,5.0,6.0,77.1658536585366,56.2,,1.48,51.3859516012584,48.6140483987416,790079.0,828796.0,3811923.0,9.6,HIC,Slovak Republic,SVK
426,Slovenia,2016,2065042.0,21663.643413767,0.0731972072415279,3.0007,,20142.0,,4.49,8.47909927,,1.9,7.0,81.1756097560976,56.1,,1.58,50.288423757536,49.711576242464,381636.0,305192.0,1378214.0,9.5,HIC,Europe and Central Asia,SVN
428,Small states,2016,39200571.0,11353.6237074227,1.74897714566973,,3.65616974336125,2500754.0,86.3523712158203,,4.98987275150339,,34.2290869206944,264.0,68.9604624233804,47.6444631679495,7.33684702119391,2.91937662174616,47.7886939044386,52.2113060955614,2285216.0,11461856.0,25197322.0,7.47701988904529,INX,Small states,Small states
430,Solomon Islands,2016,619437.0,2225.49043485009,2.66981351743832,0.1937,,27990.0,,,4.99768019,,18.4,108.0,72.424,55.0,,4.452,49.1616594396857,50.8383405603143,21975.0,250423.0,347039.0,4.326,LMC,East Asia and Pacific,SLB
432,Somalia,2016,14185613.0,295.967851645225,2.77625364862548,,0.04,627340.0,,0.87,,,80.4,865.0,56.324,28.4,0.1,6.265,50.1221270672762,49.8778729327238,401297.0,6659202.0,7125113.0,11.289,LIC,Sub-saharan Africa,SOM
434,South Africa,2016,56207649.0,5272.5436481983,1.47193342939738,0.7997,9.49,1213090.0,,,8.09581757,5.9,28.2,122.0,63.153,53.8,19.3,2.457,50.6549135332097,49.3450864667903,2879079.0,16420143.0,36908427.0,9.599,LMY,Sub-saharan Africa,ZAF
436,South Asia,2016,1771167194.0,1650.33013926635,1.24327848389325,,,4770787.0,70.9991683959961,0.52660072168226,3.44356314751736,30.1992778778076,37.6,169.0,68.9161514390397,20.7411809337027,,2.43806111280007,48.34281262067,51.6571873793301,98184140.0,518067410.0,1154915642.0,6.99955924611655,INX,South Asia,South Asia
438,South Asia (IDA & IBRD),2016,1771167194.0,1650.33013926635,1.24327848389325,,,4770787.0,70.9991683959961,0.52660072168226,3.44356314751736,,37.636049853405,169.0,68.9161514390397,20.7411809337027,,2.43806111280007,48.34281262067,51.6571873793301,98184140.0,518067410.0,1154915642.0,6.99955924611655,INX,South Asia (IDA & IBRD),South Asia (IDA & IBRD)
440,South Sudan,2016,10832512.0,,1.08459461293809,,2.44,631945.102,,,,,62.4,1130.0,57.12,,2.4,4.855,49.9686776484142,50.0313223515858,370721.0,4579378.0,5882413.0,10.694,LIC,Sub-saharan Africa,SSD
442,Spain,2016,46484062.0,26505.3432155204,0.0844301500680736,3.8112,0.15,499564.0,98.2505111694336,2.97,8.9523859,,2.7,4.0,83.3292682926829,61.6,0.4,1.34,50.9204406532203,49.0795593467797,8790387.0,6863553.0,30830121.0,8.8,HIC,Europe and Central Asia,ESP
444,Sri Lanka,2016,21203000.0,3886.29150165239,1.10498361865849,0.8925,0.02,61893.0,92.3869018554688,,3.86424923,20.5,7.0,36.0,76.482,23.3,0.1,2.211,51.8661871311963,48.1338128688037,2071208.0,5214828.0,13916964.0,6.459,LMC,South Asia,LKA
446,St. Kitts and Nevis,2016,51629.0,18810.4876458321,0.826587612596456,,,260.0,,,5.79325533,,13.9,,,52.3,,,,,,,,,HIC,Latin America and Caribbean,KNA
448,St. Lucia,2016,180024.0,10361.8141037985,0.500070650904245,,,610.0,,,4.98633957,,19.0,117.0,75.752,48.1,,1.461,50.7548825738218,49.2451174261781,16950.0,34796.0,128278.0,7.123,LMY,Latin America and Caribbean,LCA
450,St. Martin (French part),2016,36065.0,,0.575617178240042,,,50.0,,,,,,,79.5219512195122,,,1.81,,,,,,4.2,HIC,St. Martin (French part),St. Martin (French part)
452,St. Vincent and the Grenadines,2016,109459.0,7075.06582034944,0.28452904967632,,,390.0,,4.32,4.1576829,,14.7,67.0,72.193,55.0,,1.931,49.1088638585144,50.8911361414856,10216.0,25567.0,73676.0,9.032,LMY,St. Vincent and the Grenadines,VCT
454,Sub-Saharan Africa,2016,1022530536.0,1506.4297648563,2.7195565203282,,2.04824524536206,23852850.342,64.2576599121094,,5.09048229838953,18.2893486022949,55.8,545.0,60.4423979284526,28.8970391217029,3.97002593971173,4.83866068447274,50.1369173957082,49.8630826042918,30195967.0,439380614.0,552953953.0,9.00274147317103,INX,Sub-Saharan Africa,Sub-Saharan Africa
456,Sub-Saharan Africa (IDA & IBRD countries),2016,1022530536.0,1506.4297648563,2.7195565203282,,2.04824524536206,23852850.342,64.2576599121094,,5.09048229838953,,55.7940881832957,545.0,60.4423979284526,28.8970391217029,3.97002593971173,4.83866068447274,50.1369173957082,49.8630826042918,30195967.0,439380614.0,552953953.0,9.00274147317103,INX,Sub-Saharan Africa (IDA & IBRD countries),Sub-Saharan Africa (IDA & IBRD countries)
458,Sub-Saharan Africa (excluding high income),2016,1021172386.0,1495.04976807102,2.72305232087666,,2.04991601469104,23850360.342,64.2029113769531,,5.08541085143467,,55.8112501875239,545.0,60.4238491485952,28.8891805316599,3.97360077216415,4.84344627089137,50.136611810914,49.863388189086,30057099.0,439119717.0,551995569.0,9.00396065393703,INX,Sub-Saharan Africa (excluding high income),Sub-Saharan Africa (excluding high income)
460,Sudan,2016,39847440.0,1299.26119456743,2.39880790446865,,0.15,1849240.201,,6.74,6.40399361,,44.2,308.0,64.663,,0.2,4.532,50.0589410615233,49.9410589384767,1390485.0,16412408.0,22044547.0,7.34,LIC,Sub-saharan Africa,SDN
462,Suriname,2016,564883.0,5539.11790036234,1.02258948998451,1.1312,0.88,156000.0,,,6.27941179,,17.6,121.0,71.358,58.9,1.4,2.469,49.6975479878134,50.3024520121866,37891.0,156366.0,370627.0,7.219,LMY,Latin America and Caribbean,SUR
464,Sweden,2016,9923085.0,51965.1571531985,1.25645398510305,3.984,,407310.0,,2.34,10.84046745,,2.3,4.0,82.3073170731707,56.4,,1.85,49.9902348545441,50.0097651454559,1968759.0,1725459.0,6228866.0,9.2,HIC,Europe and Central Asia,SWE
466,Switzerland,2016,8373338.0,80172.2320869148,1.09203117387253,4.2473,0.09,39516.03,,4.69,11.70894909,,3.7,5.0,83.6024390243903,54.3,0.2,1.54,50.4755955161836,49.5244044838164,1526368.0,1241980.0,5604990.0,7.8,HIC,Europe and Central Asia,CHE
468,Syrian Arab Republic,2016,17453933.0,,-3.06627374550422,1.2874,0.01,183630.0,,1.46,,,18.0,30.0,70.315,61.4,0.1,2.889,49.6746770373959,50.3253229626041,723598.0,5648828.0,11081506.0,5.726,LIC,Middle East and North Africa,SYR
470,Tajikistan,2016,8663579.0,802.518004052824,2.44849024628928,,0.25,138790.0,,,7.00427723,6.4,32.1,17.0,70.397,45.3,0.2,3.618,49.5573940319095,50.4426059680905,256364.0,3130094.0,5277121.0,5.078,LIC,Europe and Central Asia,TJK
472,Tanzania,2016,53050790.0,966.474622354379,3.00052290646443,0.014,3.2,885800.0,,,3.96350336,,39.8,539.0,63.844,27.7,5.0,5.015,50.0771161037188,49.9228838962812,1360068.0,23611616.0,28079106.0,6.868,LMC,Sub-saharan Africa,TZA
474,Thailand,2016,68971331.0,5994.23147547156,0.373052587125323,0.445,0.23,510890.0,,,3.76332021,6.7,8.9,37.0,76.403,32.6,1.2,1.537,51.1965199212606,48.8034800787394,7591025.0,12170447.0,49209859.0,7.467,LMY,East Asia and Pacific,THA
476,Timor-Leste,2016,1219288.0,1353.74792501854,1.90319498084207,,0.22,14870.0,,,4.54700947,,41.9,152.0,68.735,21.6,0.1,4.156,49.4510325279733,50.5489674720267,53529.0,473901.0,691858.0,6.109,LMC,East Asia and Pacific,TLS
478,Togo,2016,7509952.0,597.471088804109,2.5187418574522,0.0128,1.17,54390.0,,,6.60094786,,49.5,395.0,60.22,28.1,2.4,4.449,50.2979779364768,49.7020220635232,212418.0,3147007.0,4150527.0,8.695,LIC,Sub-saharan Africa,TGO
480,Tonga,2016,101133.0,4158.28837838716,0.348663645507017,,,720.0,,,5.06450272,,14.5,53.0,70.607,78.5,,3.636,50.0173022354488,49.9826977645512,6041.0,36540.0,58552.0,7.223,LMY,East Asia and Pacific,TON
482,Trinidad and Tobago,2016,1377564.0,16176.9473700573,0.526659470271402,,0.14,5130.0,,3.03,7.00930595,,17.1,68.0,73.1,46.0,0.9,1.753,50.5585588463105,49.4414411536895,137877.0,284079.0,955608.0,8.159,HIC,Latin America and Caribbean,TTO
484,Tunisia,2016,11303946.0,3697.93083126064,1.10299623015564,1.2834,0.09,155360.0,,2.18,6.99717045,,14.7,45.0,76.115,61.6,0.1,2.238,50.4498430724432,49.5501569275568,885038.0,2712768.0,7706140.0,6.287,LMC,Middle East and North Africa,TUN
486,Turkey,2016,79821724.0,10895.3186924719,1.63225064120437,1.8142,,769630.0,96.1673278808594,2.75,4.28469229,,10.5,18.0,76.86,66.8,,2.092,50.7521383384559,49.2478616615441,6425655.0,20214267.0,53181802.0,5.39,LMY,Europe and Central Asia,TUR
488,Turkmenistan,2016,5662372.0,6389.54840833488,1.72943299724012,,,469930.0,,,6.62111807,,36.4,8.0,67.835,51.8,,2.887,50.7611387526533,49.2388612473467,235423.0,1745611.0,3681338.0,7.076,LMY,Europe and Central Asia,TKM
490,Turks and Caicos Islands,2016,36559.0,28240.7068027025,1.5936372559658,,,950.0,,,,,,,,,,,,,,,,,HIC,Latin America and Caribbean,TCA
492,Tuvalu,2016,11225.0,3255.92869342584,1.12884194584756,,,30.0,,,16.88424873,,22.2,,,81.9,,,,,,,,,LMY,East Asia and Pacific,TUV
494,Uganda,2016,39647506.0,733.431251236802,3.65264430964001,,3.51,200520.0,,,6.54710674,10.4,37.6,381.0,61.986,22.4,6.2,5.242,50.8503897420509,49.1496102579491,753610.0,18901733.0,19992163.0,7.031,LIC,Sub-saharan Africa,UGA
496,Ukraine,2016,45004673.0,2187.73050991433,-0.331333796371949,,0.59,579290.0,,,7.54541159,,7.9,20.0,71.4763414634146,58.4,1.0,1.466,53.7161221341786,46.2838778658214,7153077.0,6946322.0,30905273.0,14.7,LMC,Europe and Central Asia,UKR
498,United Arab Emirates,2016,9360980.0,38141.8467585492,1.05328112883944,2.371,,71020.0,,1.36,3.4034214,,6.6,3.0,77.47,67.8,,1.491,30.158621297461,69.841378702539,92392.0,1346625.0,7921963.0,1.398,HIC,Middle East and North Africa,ARE
500,United Kingdom,2016,65611593.0,41064.1334316223,0.757874492811929,2.7563,,241930.0,,2.57,9.86671162,,3.8,7.0,81.1560975609756,63.7,,1.79,50.6841011540267,49.3158988459733,11913999.0,11540882.0,42156712.0,9.1,HIC,Europe and Central Asia,GBR
502,United States,2016,322941311.0,57951.5840820997,0.716669413429853,2.5881,0.24,9147420.0,,2.77,17.04898262,1.4,5.8,19.0,78.5390243902439,67.9,0.4,1.8205,50.5293128025686,49.4706871974314,48549959.0,61434232.0,212957120.0,8.493,HIC,North America,USA
504,Upper middle income,2016,2795839263.0,7632.38192258686,0.79986664319496,,,57653522.5,95.6237564086914,3.31924786776816,5.58175965906164,3.09354615211487,12.9,59.0,74.8591314348358,41.8209867971221,,1.91058925025361,49.6993497624416,50.3006502375584,247793357.0,597899784.0,1948172554.0,7.15412183935428,INX,Upper middle income,Upper middle income
506,Uruguay,2016,3424132.0,15387.14403013,0.354674156320409,3.9558,,175020.0,98.5614700317383,2.48,9.42438793,3.2,7.2,18.0,77.498,62.9,,1.991,51.7542074080521,48.2457925919479,499626.0,717074.0,2207432.0,9.452,HIC,Latin America and Caribbean,URY
508,Uzbekistan,2016,31847900.0,2567.79920656883,1.73884926199094,,0.19,440588.0,99.986572265625,,4.96638393,,18.8,29.0,71.171,48.2,0.2,2.455,50.1702974385684,49.8297025614316,1319021.0,9041157.0,21487722.0,4.9,LMC,Europe and Central Asia,UZB
510,Vanuatu,2016,278330.0,2889.85303623403,2.62090494079427,0.1653,,12190.0,,,2.84586453,,23.5,74.0,70.021,57.1,,3.859,49.2663279751083,50.7336720248917,10311.0,108259.0,159760.0,5.396,LMC,East Asia and Pacific,VUT
512,"Venezuela, RB",2016,29846179.0,,-0.786447680950899,,0.33,882050.0,97.1270904541016,0.86,5.22611618,,21.0,121.0,72.405,63.4,0.7,2.317,50.3849671415759,49.6150328584241,1982873.0,8421742.0,19441565.0,6.619,LMY,Latin America and Caribbean,VEN
514,Vietnam,2016,93638724.0,2192.21453866566,1.03228662254587,0.8281,0.14,310070.0,,,5.65919352,13.8,16.9,44.0,75.172,18.3,0.3,2.03,50.1323632253524,49.8676367746476,6390554.0,21571523.0,65676647.0,6.19,LMC,East Asia and Pacific,VNM
516,Virgin Islands (U.S.),2016,107516.0,35929.5360690502,-0.182132486647949,,,350.0,,,,,,,79.1682926829268,,,2.09,52.3729120758569,47.6270879241431,19493.0,21616.0,66407.0,7.5,HIC,Latin America and Caribbean,VGB
518,West Bank and Gaza,2016,4367088.0,3527.61382413178,2.24610527580178,,,6020.0,96.9302291870117,,,,17.9,29.0,73.589,,,3.844,49.2624541487655,50.7375458512345,133430.0,1728799.0,2504859.0,3.478,LMC,Middle East and North Africa,WBG
520,World,2016,7424311044.0,10286.3416441792,1.16272835739863,,0.41,129956634.129,85.9855117797852,2.75709481685243,9.94662510378634,13.7325954437256,30.7,214.0,72.1810662860212,38.9,0.7,2.44561855092919,49.5856818966588,50.4143181033412,625395500.0,1935095473.0,4861030922.0,7.56984852006735,INX,World,World
522,"Yemen, Rep.",2016,27168210.0,1138.68299471073,2.49824703392801,,0.07,527970.0,,0.71,,,43.3,165.0,66.087,48.8,0.1,3.994,49.5995209106526,50.4004790893474,767679.0,10966229.0,15434302.0,5.972,LIC,Middle East and North Africa,YEM
524,Zambia,2016,16363507.0,1280.57844679257,3.00334567903779,0.1628,7.15,743390.0,,,4.47720718,,45.8,222.0,62.464,27.8,12.1,4.814,50.5069927495114,49.4930072504886,338840.0,7500757.0,8523910.0,6.864,LMC,Sub-saharan Africa,ZMB
526,Zimbabwe,2016,14030390.0,1464.58352903946,1.54975881577614,0.1788,6.15,386850.0,,,7.6476202,,41.4,468.0,60.294,38.2,13.8,3.804,52.4301837917233,47.5698162082767,401519.0,5986078.0,7642793.0,8.286,LMC,Sub-saharan Africa,ZWE
